{"data_time": 4.37319730199988, "eta_seconds": 2890.3012094400037, "fast_rcnn/cls_accuracy": 0.95660400390625, "fast_rcnn/false_negative": 0.9492242887157036, "fast_rcnn/fg_cls_accuracy": 0.001519756838905775, "iteration": 19, "loss_box_reg": 0.15752283483743668, "loss_cls": 0.23799626529216766, "loss_rpn_cls": 0.016602263785898685, "loss_rpn_loc": 0.0037179229548200965, "lr": 0.001, "roi_head/num_bg_samples": 491.25, "roi_head/num_fg_samples": 20.75, "rpn/num_neg_anchors": 252.5, "rpn/num_pos_anchors": 3.5, "time": 6.021460853000008, "total_loss": 0.43094181560445577}
{"data_time": 3.9453425945000618, "eta_seconds": 2717.2823431100096, "fast_rcnn/cls_accuracy": 0.958251953125, "fast_rcnn/false_negative": 1.0, "fast_rcnn/fg_cls_accuracy": 0.0, "iteration": 39, "loss_box_reg": 0.1602712720632553, "loss_cls": 0.21692636609077454, "loss_rpn_cls": 0.01428935769945383, "loss_rpn_loc": 0.003402646631002426, "lr": 0.001, "roi_head/num_bg_samples": 490.625, "roi_head/num_fg_samples": 21.375, "rpn/num_neg_anchors": 252.4375, "rpn/num_pos_anchors": 3.5625, "time": 5.7182802620000075, "total_loss": 0.393110555363819}
{"data_time": 4.143088177499749, "eta_seconds": 2602.3241474999395, "fast_rcnn/cls_accuracy": 0.9605712890625, "fast_rcnn/false_negative": 0.9903689580542101, "fast_rcnn/fg_cls_accuracy": 0.0, "iteration": 59, "loss_box_reg": 0.1473216861486435, "loss_cls": 0.19802415370941162, "loss_rpn_cls": 0.01464159321039915, "loss_rpn_loc": 0.003727513365447521, "lr": 0.001, "roi_head/num_bg_samples": 491.8125, "roi_head/num_fg_samples": 20.1875, "rpn/num_neg_anchors": 252.40625, "rpn/num_pos_anchors": 3.59375, "time": 5.979311139499941, "total_loss": 0.3636462118010968}
{"data_time": 4.301428927000188, "eta_seconds": 2484.0366862499422, "fast_rcnn/cls_accuracy": 0.9608154296875, "fast_rcnn/false_negative": 0.9400399453379586, "fast_rcnn/fg_cls_accuracy": 0.003022499817371612, "iteration": 79, "loss_box_reg": 0.14644113183021545, "loss_cls": 0.17706987261772156, "loss_rpn_cls": 0.016961420886218548, "loss_rpn_loc": 0.0042228857055306435, "lr": 0.001, "roi_head/num_bg_samples": 491.84375, "roi_head/num_fg_samples": 20.15625, "rpn/num_neg_anchors": 252.25, "rpn/num_pos_anchors": 3.75, "time": 5.987295900500158, "total_loss": 0.34254098148085177}
{"data_time": 3.9436035964999974, "eta_seconds": 2362.735795199933, "fast_rcnn/cls_accuracy": 0.9598388671875, "fast_rcnn/false_negative": 0.8844272239834057, "fast_rcnn/fg_cls_accuracy": 0.013338668800853675, "iteration": 99, "loss_box_reg": 0.14604531228542328, "loss_cls": 0.16303810477256775, "loss_rpn_cls": 0.015546690206974745, "loss_rpn_loc": 0.0037927025696262717, "lr": 0.001, "roi_head/num_bg_samples": 491.40625, "roi_head/num_fg_samples": 20.59375, "rpn/num_neg_anchors": 252.5, "rpn/num_pos_anchors": 3.5, "time": 5.67246522749997, "total_loss": 0.32987602369394153}
{"data_time": 4.211070226499942, "eta_seconds": 2244.5990054399363, "fast_rcnn/cls_accuracy": 0.95989990234375, "fast_rcnn/false_negative": 0.8557612681888087, "fast_rcnn/fg_cls_accuracy": 0.014371155160628844, "iteration": 119, "loss_box_reg": 0.14121801406145096, "loss_cls": 0.16134294122457504, "loss_rpn_cls": 0.01603751676157117, "loss_rpn_loc": 0.004416360519826412, "lr": 0.001, "roi_head/num_bg_samples": 491.59375, "roi_head/num_fg_samples": 20.40625, "rpn/num_neg_anchors": 252.21875, "rpn/num_pos_anchors": 3.78125, "time": 5.961776711500079, "total_loss": 0.3237323077628389}
{"data_time": 3.697666604000233, "eta_seconds": 2113.37245224001, "fast_rcnn/cls_accuracy": 0.96087646484375, "fast_rcnn/false_negative": 0.7970521137805661, "fast_rcnn/fg_cls_accuracy": 0.034424004530630575, "iteration": 139, "loss_box_reg": 0.1405947357416153, "loss_cls": 0.1539531946182251, "loss_rpn_cls": 0.015573027543723583, "loss_rpn_loc": 0.003717771847732365, "lr": 0.001, "roi_head/num_bg_samples": 491.65625, "roi_head/num_fg_samples": 20.34375, "rpn/num_neg_anchors": 252.3125, "rpn/num_pos_anchors": 3.6875, "time": 5.414598770499879, "total_loss": 0.31052953633479774}
{"data_time": 4.304673015000162, "eta_seconds": 2002.6264805599976, "fast_rcnn/cls_accuracy": 0.96014404296875, "fast_rcnn/false_negative": 0.7761700814137439, "fast_rcnn/fg_cls_accuracy": 0.030569657707042078, "iteration": 159, "loss_box_reg": 0.14115838706493378, "loss_cls": 0.15128403156995773, "loss_rpn_cls": 0.014982829801738262, "loss_rpn_loc": 0.003896209760569036, "lr": 0.001, "roi_head/num_bg_samples": 491.1875, "roi_head/num_fg_samples": 20.8125, "rpn/num_neg_anchors": 252.46875, "rpn/num_pos_anchors": 3.53125, "time": 6.109542407499703, "total_loss": 0.309387439629063}
{"data_time": 3.815078774000085, "eta_seconds": 1878.5532908800087, "fast_rcnn/cls_accuracy": 0.96051025390625, "fast_rcnn/false_negative": 0.7364413547754747, "fast_rcnn/fg_cls_accuracy": 0.03934468524251806, "iteration": 179, "loss_box_reg": 0.13677781075239182, "loss_cls": 0.1457265317440033, "loss_rpn_cls": 0.016116052865982056, "loss_rpn_loc": 0.003575554583221674, "lr": 0.001, "roi_head/num_bg_samples": 491.375, "roi_head/num_fg_samples": 20.625, "rpn/num_neg_anchors": 252.5625, "rpn/num_pos_anchors": 3.4375, "time": 5.478913815500391, "total_loss": 0.30334929772652686}
{"data_time": 3.863759900499872, "eta_seconds": 1755.0727763999703, "fast_rcnn/cls_accuracy": 0.96112060546875, "fast_rcnn/false_negative": 0.7204152902312412, "fast_rcnn/fg_cls_accuracy": 0.052633596932662355, "iteration": 199, "loss_box_reg": 0.1328209936618805, "loss_cls": 0.14419233053922653, "loss_rpn_cls": 0.01575549505650997, "loss_rpn_loc": 0.004071566974744201, "lr": 0.001, "roi_head/num_bg_samples": 491.5, "roi_head/num_fg_samples": 20.5, "rpn/num_neg_anchors": 252.25, "rpn/num_pos_anchors": 3.75, "time": 5.542276684999706, "total_loss": 0.2987486640922725}
{"data_time": 3.9676051890000963, "eta_seconds": 1632.3919656799535, "fast_rcnn/cls_accuracy": 0.9625244140625, "fast_rcnn/false_negative": 0.684998220957125, "fast_rcnn/fg_cls_accuracy": 0.06639194139194139, "iteration": 219, "loss_box_reg": 0.1279592290520668, "loss_cls": 0.13677439838647842, "loss_rpn_cls": 0.016469789668917656, "loss_rpn_loc": 0.0036506898468360305, "lr": 0.001, "roi_head/num_bg_samples": 492.125, "roi_head/num_fg_samples": 19.875, "rpn/num_neg_anchors": 252.40625, "rpn/num_pos_anchors": 3.59375, "time": 5.675042081499896, "total_loss": 0.2809867092873901}
{"data_time": 3.8024900105001507, "eta_seconds": 1508.4236598599864, "fast_rcnn/cls_accuracy": 0.962158203125, "fast_rcnn/false_negative": 0.6769035401440937, "fast_rcnn/fg_cls_accuracy": 0.06406347717323327, "iteration": 239, "loss_box_reg": 0.12831147760152817, "loss_cls": 0.13696611672639847, "loss_rpn_cls": 0.016710402444005013, "loss_rpn_loc": 0.00370993185788393, "lr": 0.001, "roi_head/num_bg_samples": 491.53125, "roi_head/num_fg_samples": 20.46875, "rpn/num_neg_anchors": 252.3125, "rpn/num_pos_anchors": 3.6875, "time": 5.55709565799998, "total_loss": 0.2857082396512851}
{"data_time": 3.5114629659999537, "eta_seconds": 1377.2724530399682, "fast_rcnn/cls_accuracy": 0.9620361328125, "fast_rcnn/false_negative": 0.6731738157766753, "fast_rcnn/fg_cls_accuracy": 0.07728542248530576, "iteration": 259, "loss_box_reg": 0.12633763253688812, "loss_cls": 0.13871613144874573, "loss_rpn_cls": 0.016789119690656662, "loss_rpn_loc": 0.003885215148329735, "lr": 0.001, "roi_head/num_bg_samples": 491.40625, "roi_head/num_fg_samples": 20.59375, "rpn/num_neg_anchors": 252.28125, "rpn/num_pos_anchors": 3.71875, "time": 5.1571051014998375, "total_loss": 0.2836104743182659}
{"data_time": 4.41164493500014, "eta_seconds": 1276.3584814199885, "fast_rcnn/cls_accuracy": 0.96282958984375, "fast_rcnn/false_negative": 0.664500505778132, "fast_rcnn/fg_cls_accuracy": 0.09210628923460834, "iteration": 279, "loss_box_reg": 0.12648389488458633, "loss_cls": 0.1353486254811287, "loss_rpn_cls": 0.016263549216091633, "loss_rpn_loc": 0.003825278952717781, "lr": 0.001, "roi_head/num_bg_samples": 491.3125, "roi_head/num_fg_samples": 20.6875,