{"data_time": 0.1574616310000465, "fast_rcnn/cls_accuracy": 0.9483642578125, "fast_rcnn/false_negative": 0.42608861103560747, "fast_rcnn/fg_cls_accuracy": 0.5565299961851686, "iteration": 9, "loss_box_reg": 0.0571812205016613, "loss_cls": 0.16414176672697067, "loss_rpn_cls": 0.012681611347943544, "loss_rpn_loc": 0.0037940596230328083, "lr": 0.001, "roi_head/num_bg_samples": 491.9375, "roi_head/num_fg_samples": 20.0625, "rpn/num_neg_anchors": 252.1875, "rpn/num_pos_anchors": 3.8125, "time": 151.1957967849999, "total_loss": 0.23889140412211418}
{"eta_seconds": 603120.0333753646, "iteration": 10}
