{"data_time": 3.366139677999854, "eta_seconds": 20143.290060879983, "fast_rcnn/cls_accuracy": 0.9632568359375, "fast_rcnn/false_negative": 0.6254293021556449, "fast_rcnn/fg_cls_accuracy": 0.12150621118012422, "iteration": 19, "loss_box_reg": 0.05656543932855129, "loss_cls": 0.3127880096435547, "loss_rpn_cls": 0.013111952226608992, "loss_rpn_loc": 0.0033432369818910956, "lr": 0.001, "roi_head/num_bg_samples": 491.875, "roi_head/num_fg_samples": 20.125, "rpn/num_neg_anchors": 252.34375, "rpn/num_pos_anchors": 3.65625, "time": 5.061128155999995, "total_loss": 0.38826419529505074}
{"data_time": 3.3075330300000587, "eta_seconds": 20139.607097280103, "fast_rcnn/cls_accuracy": 0.962646484375, "fast_rcnn/false_negative": 0.6147419668938656, "fast_rcnn/fg_cls_accuracy": 0.13501474110926848, "iteration": 39, "loss_box_reg": 0.04184048995375633, "loss_cls": 0.3021532893180847, "loss_rpn_cls": 0.011391527485102415, "loss_rpn_loc": 0.0032817786559462547, "lr": 0.001, "roi_head/num_bg_samples": 491.65625, "roi_head/num_fg_samples": 20.34375, "rpn/num_neg_anchors": 252.5, "rpn/num_pos_anchors": 3.5, "time": 5.102020116500171, "total_loss": 0.3601485160179436}
{"data_time": 3.377048068500244, "eta_seconds": 20027.62627735032, "fast_rcnn/cls_accuracy": 0.9630126953125, "fast_rcnn/false_negative": 0.5424454051657244, "fast_rcnn/fg_cls_accuracy": 0.14120264429188914, "iteration": 59, "loss_box_reg": 0.03764134459197521, "loss_cls": 0.26635870337486267, "loss_rpn_cls": 0.013743601739406586, "loss_rpn_loc": 0.0031704738503322005, "lr": 0.001, "roi_head/num_bg_samples": 491.71875, "roi_head/num_fg_samples": 20.28125, "rpn/num_neg_anchors": 252.4375, "rpn/num_pos_anchors": 3.5625, "time": 5.082770621500231, "total_loss": 0.32309990271460265}
{"data_time": 3.359837093499891, "eta_seconds": 19924.460836280905, "fast_rcnn/cls_accuracy": 0.9630126953125, "fast_rcnn/false_negative": 0.5280801188059252, "fast_rcnn/fg_cls_accuracy": 0.15359114489416598, "iteration": 79, "loss_box_reg": 0.035276202484965324, "loss_cls": 0.24694013595581055, "loss_rpn_cls": 0.012419076170772314, "loss_rpn_loc": 0.003230268834158778, "lr": 0.001, "roi_head/num_bg_samples": 491.34375, "roi_head/num_fg_samples": 20.65625, "rpn/num_neg_anchors": 252.53125, "rpn/num_pos_anchors": 3.46875, "time": 5.046464998499914, "total_loss": 0.29810511029791087}
{"data_time": 3.328705750000154, "eta_seconds": 19783.281552450626, "fast_rcnn/cls_accuracy": 0.96331787109375, "fast_rcnn/false_negative": 0.5241484935765556, "fast_rcnn/fg_cls_accuracy": 0.15439457690509584, "iteration": 99, "loss_box_reg": 0.03297428414225578, "loss_cls": 0.22238361835479736, "loss_rpn_cls": 0.010648124851286411, "loss_rpn_loc": 0.0031643802067264915, "lr": 0.001, "roi_head/num_bg_samples": 492.09375, "roi_head/num_fg_samples": 19.90625, "rpn/num_neg_anchors": 252.5, "rpn/num_pos_anchors": 3.5, "time": 5.055695100000094, "total_loss": 0.26857150031719357}
{"data_time": 3.3477213624998967, "eta_seconds": 19638.829415239787, "fast_rcnn/cls_accuracy": 0.96392822265625, "fast_rcnn/false_negative": 0.48286600209677133, "fast_rcnn/fg_cls_accuracy": 0.15432163989856298, "iteration": 119, "loss_box_reg": 0.031327879056334496, "loss_cls": 0.1980758160352707, "loss_rpn_cls": 0.012862676288932562, "loss_rpn_loc": 0.0031567581463605165, "lr": 0.001, "roi_head/num_bg_samples": 492.0, "roi_head/num_fg_samples": 20.0, "rpn/num_neg_anchors": 252.53125, "rpn/num_pos_anchors": 3.46875, "time": 5.055389528999967, "total_loss": 0.2389484455343336}
{"data_time": 3.38821774500002, "eta_seconds": 19567.823268690147, "fast_rcnn/cls_accuracy": 0.963134765625, "fast_rcnn/false_negative": 0.4586782231852654, "fast_rcnn/fg_cls_accuracy": 0.14356843366277328, "iteration": 139, "loss_box_reg": 0.029999900609254837, "loss_cls": 0.17702870815992355, "loss_rpn_cls": 0.011997899040579796, "loss_rpn_loc": 0.003341625677421689, "lr": 0.001, "roi_head/num_bg_samples": 491.6875, "roi_head/num_fg_samples": 20.3125, "rpn/num_neg_anchors": 252.46875, "rpn/num_pos_anchors": 3.53125, "time": 5.098290967500134, "total_loss": 0.22203488100785762}
{"data_time": 3.3587012509999568, "eta_seconds": 19513.60245504038, "fast_rcnn/cls_accuracy": 0.9630126953125, "fast_rcnn/false_negative": 0.4725072860549324, "fast_rcnn/fg_cls_accuracy": 0.13376338851022396, "iteration": 159, "loss_box_reg": 0.028989405371248722, "loss_cls": 0.15541855245828629, "loss_rpn_cls": 0.011443606577813625, "loss_rpn_loc": 0.0031632495811209083, "lr": 0.001, "roi_head/num_bg_samples": 491.4375, "roi_head/num_fg_samples": 20.5625, "rpn/num_neg_anchors": 252.46875, "rpn/num_pos_anchors": 3.53125, "time": 5.088429034499768, "total_loss": 0.19778347702231258}
{"data_time": 3.3523756779998166, "eta_seconds": 19399.54635813991, "fast_rcnn/cls_accuracy": 0.96307373046875, "fast_rcnn/false_negative": 0.44480609969740403, "fast_rcnn/fg_cls_accuracy": 0.14375717566016072, "iteration": 179, "loss_box_reg": 0.02800134290009737, "loss_cls": 0.13770334422588348, "loss_rpn_cls": 0.012136248871684074, "loss_rpn_loc": 0.0033898502588272095, "lr": 0.001, "roi_head/num_bg_samples": 491.71875, "roi_head/num_fg_samples": 20.28125, "rpn/num_neg_anchors": 252.375, "rpn/num_pos_anchors": 3.625, "time": 5.043163433500013, "total_loss": 0.18501676199957728}
{"data_time": 3.3278628989999106, "eta_seconds": 19261.820305900164, "fast_rcnn/cls_accuracy": 0.96600341796875, "fast_rcnn/false_negative": 0.42870182190967787, "fast_rcnn/fg_cls_accuracy": 0.18989794709496166, "iteration": 199, "loss_box_reg": 0.026616492308676243, "loss_cls": 0.11774280294775963, "loss_rpn_cls": 0.012456361204385757, "loss_rpn_loc": 0.0032333218259736896, "lr": 0.001, "roi_head/num_bg_samples": 491.625, "roi_head/num_fg_samples": 20.375, "rpn/num_neg_anchors": 252.375, "rpn/num_pos_anchors": 3.625, "time": 5.051131223500079, "total_loss": 0.16258948051836342}
{"data_time": 3.33193545249992, "eta_seconds": 19160.44230429016, "fast_rcnn/cls_accuracy": 0.9677734375, "fast_rcnn/false_negative": 0.3868154281713294, "fast_rcnn/fg_cls_accuracy": 0.23555331031966548, "iteration": 219, "loss_box_reg": 0.02630421333014965, "loss_cls": 0.10466135293245316, "loss_rpn_cls": 0.011310687754303217, "loss_rpn_loc": 0.003199958009645343, "lr": 0.001, "roi_head/num_bg_samples": 491.78125, "roi_head/num_fg_samples": 20.21875, "rpn/num_neg_anchors": 252.4375, "rpn/num_pos_anchors": 3.5625, "time": 5.101429915000153, "total_loss": 0.14492111885920167}
{"data_time": 3.2533962019999763, "eta_seconds": 19059.064302680163, "fast_rcnn/cls_accuracy": 0.969482421875, "fast_rcnn/false_negative": 0.3625436122926923, "fast_rcnn/fg_cls_accuracy": 0.2795974679435157, "iteration": 239, "loss_box_reg": 0.026178616099059582, "loss_cls": 0.09565692022442818, "loss_rpn_cls": 0.012061379384249449, "loss_rpn_loc": 0.003334573353640735, "lr": 0.001, "roi_head/num_bg_samples": 491.9375, "roi_head/num_fg_samples": 20.0625, "rpn/num_neg_anchors": 252.4375, "rpn/num_pos_anchors": 3.5625, "time": 5.065314995000108, "total_loss": 0.140204390976578}
{"data_time": 3.3462025975002234, "eta_seconds": 18982.937651590222, "fast_rcnn/cls_accuracy": 0.97174072265625, "fast_rcnn/false_negative": 0.30295168048655435, "fast_rcnn/fg_cls_accuracy": 0.35380077268455673, "iteration": 259, "loss_box_reg": 0.02551848627626896, "loss_cls": 0.08886368200182915, "loss_rpn_cls": 0.011148771271109581, "loss_rpn_loc": 0.003250442328862846, "lr": 0.001, "roi_head/num_bg_samples": 491.65625, "roi_head/num_fg_samples": 20.34375, "rpn/num_neg_anchors": 252.5625, "rpn/num_pos_anchors": 3.4375, "time": 5.136562409499902, "total_loss": 0.126830677036196}
{"data_time": 3.262072393999915, "eta_seconds": 18869.409194579912, "fast_rcnn/cls_accuracy": 0.97119140625, "fast_rcnn/false_negative": 0.2896028558679161, "fast_rcnn/fg_cls_accuracy": 0.3766204056733262, "iteration": 279, "loss_box_reg": 0.025671452283859253, "loss_cls": 0.08445912227034569, "loss_rpn_cls": 0.0130722695030272, "loss_rpn_loc": 0.003389018587768078, "lr": 0.001,